[
    {
        "dramaId": "1001",
        "category": "犯罪",
        "name": "絕命毒師",
        "score": 10.0
    },
    {
        "dramaId": "1002",
        "category": "殭屍",
        "name": "屍戰朝鮮",
        "score": 9.0
    },
    {
        "dramaId": "1003",
        "category": "愛情",
        "name": "想見你",
        "score": 8.5
    },
    {
        "dramaId": "1004",
        "category": "政治",
        "name": "半澤植樹",
        "score": 9.5
    },
    {
        "dramaId": "1005",
        "category": "政治",
        "name": "半澤植樹2",
        "score": 9.5
    },
    {
        "dramaId": "1006",
        "category": "政治",
        "name": "Legel High",
        "score": 10.0
    },
    {
        "dramaId": "1007",
        "category": "愛情",
        "name": "鬼怪",
        "score": 10.0
    }
]